{
    "pages": [
        {
            "page": "index.php",
            "title": "Orion Aerospace Dynamics",
            "mission": "To push the boundaries of human reach, making the vast expanse of space a familiar terrain and ensuring Earth's skies are traveled sustainably.",
            "overview": "Orion Aerospace Dynamics, founded in 2021, is a game-changing aerospace company headquartered atop the serene peaks of Denver, Colorado. Championing the motto 'The Sky is Not the Limit,' Orion has been redefining space exploration and aviation with advanced propulsion systems, space habitats, and aerial vehicles that seem straight out of science fiction."
        }
    ]
}
