[
    {
        "name": "Galactic Cruiser™",
        "description": "An innovative spacecraft designed for deep space exploration, equipped with advanced life support systems and AI-driven navigation.",
        "applications": [
            {
                "name": "Stellar Drive Propulsion",
                "description": "A proprietary system that allows the Cruiser to achieve faster-than-ever travel speeds, reducing interplanetary journey times."
            },
            {
                "name": "Holodeck Entertainment",
                "description": "A VR-based entertainment zone that simulates Earthly experiences, ensuring mental well-being during long space journeys."
            }
        ]
    },
    {
        "name": "SkySailor Drones™",
        "description": "Environmentally-friendly drones powered by solar and wind energy, suitable for both recreational and professional use.",
        "applications": [
            {
                "name": "Eco-Cam Tech",
                "description": "Advanced camera systems that can monitor ecosystems with minimal intrusion."
            },
            {
                "name": "Infinite Flight Mode",
                "description": "Leveraging solar and wind energy, these drones can stay airborne for significantly extended periods compared to conventional drones."
            }
        ]
    },
    {
        "name": "Nebula Stations™",
        "description": "Modular space habitats intended for research, tourism, and potential future colonization efforts.",
        "applications": [
            {
                "name": "Bio-Dome Agriculture",
                "description": "State-of-the-art agricultural domes that simulate Earth's conditions, allowing fresh produce growth in space."
            },
            {
                "name": "Gravity Pods",
                "description": "Areas within the station that can simulate varying levels of gravity, from Earth-like conditions to zero-G zones."
            }
        ]
    },
    {
        "name": "AeroAcademy™",
        "description": "An immersive training institution offering programs in aerospace engineering, astronaut training, and space tourism orientation.",
        "applications": [
            {
                "name": "Virtual Spacewalks",
                "description": "Training sessions in VR that prepare astronauts for extravehicular activities."
            },
            {
                "name": "Intergalactic Culture Modules",
                "description": "Courses that introduce students to the speculated cultures and societal structures of potential extraterrestrial civilizations."
            }
        ]
    }
]
